<?xml version="1.0" encoding="utf-8"?>
<resources>

    <string-array name="listArray">
        <item>US ($)</item>
        <item>India (₹)</item>
        <item>UK (£)</item>
        <item>China (¥)</item>
        <item>Japan (¥)</item>
    </string-array>
    <string-array name="listValues">
        <item>$</item>
        <item>₹</item>
        <item>£</item>
        <item>¥</item>
        <item>¥</item>
    </string-array>

    <string-array name="listArray2">
        <item>Chronologically</item>
        <item>Alphabetically</item>
        <item>Amount</item>
    </string-array>
    <string-array name="listValues2">
        <item>Chronologically</item>
        <item>Alphabetically</item>
        <item>Amount</item>
    </string-array>

    <string-array name="entries" translatable="false">
        <item>@string/country_ind</item>
        <item>@string/country_usa</item>
        <item>@string/country_idn</item>
        <item>@string/country_bra</item>
        <item>@string/country_chn</item>
        <item>@string/country_pak</item>
        <item>@string/country_nga</item>
        <item>@string/country_bgd</item>
        <item>@string/country_rus</item>
        <item>@string/country_jpn</item>
        <item>@string/country_mex</item>
        <item>@string/country_phl</item>
        <item>@string/country_vnm</item>
        <item>@string/country_eth</item>
        <item>@string/country_egy</item>
        <item>@string/country_deu</item>
        <item>@string/country_irn</item>
        <item>@string/country_tur</item>
        <item>@string/country_cod</item>
        <item>@string/country_tha</item>
        <item>@string/country_fra</item>
        <item>@string/country_gbr</item>
        <item>@string/country_ita</item>
        <item>@string/country_mmr</item>
        <item>@string/country_zaf</item>
        <item>@string/country_kor</item>
        <item>@string/country_col</item>
        <item>@string/country_esp</item>
        <item>@string/country_ukr</item>
        <item>@string/country_tza</item>
        <item>@string/country_ken</item>
        <item>@string/country_arg</item>
        <item>@string/country_dza</item>
        <item>@string/country_pol</item>
        <item>@string/country_sdn</item>
        <item>@string/country_uga</item>
        <item>@string/country_can</item>
        <item>@string/country_irq</item>
        <item>@string/country_mar</item>
        <item>@string/country_per</item>
        <item>@string/country_uzb</item>
        <item>@string/country_mys</item>
        <item>@string/country_sau</item>
        <item>@string/country_ven</item>
        <item>@string/country_npl</item>
        <item>@string/country_afg</item>
        <item>@string/country_yem</item>
        <item>@string/country_prk</item>
        <item>@string/country_gha</item>
        <item>@string/country_moz</item>
        <item>@string/country_aus</item>
        <item>@string/country_twn</item>
        <item>@string/country_civ</item>
        <item>@string/country_syr</item>
        <item>@string/country_mdg</item>
        <item>@string/country_ago</item>
        <item>@string/country_cmr</item>
        <item>@string/country_lka</item>
        <item>@string/country_rou</item>
        <item>@string/country_bfa</item>
        <item>@string/country_kaz</item>
        <item>@string/country_ner</item>
        <item>@string/country_nld</item>
        <item>@string/country_mwi</item>
        <item>@string/country_chl</item>
        <item>@string/country_ecu</item>
        <item>@string/country_gtm</item>
        <item>@string/country_mli</item>
        <item>@string/country_khm</item>
        <item>@string/country_zmb</item>
        <item>@string/country_sen</item>
        <item>@string/country_zwe</item>
        <item>@string/country_tcd</item>
        <item>@string/country_ssd</item>
        <item>@string/country_cub</item>
        <item>@string/country_bel</item>
        <item>@string/country_tun</item>
        <item>@string/country_gin</item>
        <item>@string/country_grc</item>
        <item>@string/country_rwa</item>
        <item>@string/country_cze</item>
        <item>@string/country_som</item>
        <item>@string/country_prt</item>
        <item>@string/country_hti</item>
        <item>@string/country_ben</item>
        <item>@string/country_bdi</item>
        <item>@string/country_bol</item>
        <item>@string/country_hun</item>
        <item>@string/country_swe</item>
        <item>@string/country_aze</item>
        <item>@string/country_blr</item>
        <item>@string/country_dom</item>
        <item>@string/country_hnd</item>
        <item>@string/country_aut</item>
        <item>@string/country_are</item>
        <item>@string/country_tjk</item>
        <item>@string/country_isr</item>
        <item>@string/country_che</item>
        <item>@string/country_png</item>
        <item>@string/country_bgr</item>
        <item>@string/country_hkg</item>
        <item>@string/country_srb</item>
        <item>@string/country_pry</item>
        <item>@string/country_lao</item>
        <item>@string/country_jor</item>
        <item>@string/country_slv</item>
        <item>@string/country_eri</item>
        <item>@string/country_lby</item>
        <item>@string/country_tgo</item>
        <item>@string/country_sle</item>
        <item>@string/country_nic</item>
        <item>@string/country_kgz</item>
        <item>@string/country_dnk</item>
        <item>@string/country_fin</item>
        <item>@string/country_svk</item>
        <item>@string/country_sgp</item>
        <item>@string/country_tkm</item>
        <item>@string/country_nor</item>
        <item>@string/country_lbn</item>
        <item>@string/country_cri</item>
        <item>@string/country_caf</item>
        <item>@string/country_irl</item>
        <item>@string/country_nzl</item>
        <item>@string/country_geo</item>
        <item>@string/country_cog</item>
        <item>@string/country_pse</item>
        <item>@string/country_lbr</item>
        <item>@string/country_hrv</item>
        <item>@string/country_omn</item>
        <item>@string/country_bih</item>
    </string-array>





    <string-array name="values" translatable="false">
        <item>₹</item>
        <item>$</item>
        <item>Rp</item>
        <item>R$</item>
        <item>¥</item>
        <item>Rs</item>
        <item>₦</item>
        <item>BGD</item>
        <item>руб</item>
        <item>¥</item>
        <item>$</item>
        <item>₱</item>
        <item>₫</item>
        <item>ETH</item>
        <item>£</item>
        <item>€</item>
        <item>﷼</item>
        <item>₤</item>
        <item>COD</item>
        <item>฿</item>
        <item>€</item>
        <item>£</item>
        <item>€</item>
        <item>K</item>
        <item>R</item>
        <item>W</item>
        <item>Col$</item>
        <item>€</item>
        <item>₴</item>
        <item>TZA</item>
        <item>K Sh</item>
        <item>$</item>
        <item>DA</item>
        <item>PLN</item>
        <item>Dinar</item>
        <item>USh</item>
        <item>CAD</item>
        <item>ID</item>
        <item>DH</item>
        <item>S</item>
        <item>UZB</item>
        <item>RM</item>
        <item>SRls</item>
        <item>VEN</item>
        <item>NRs</item>
        <item>Af</item>
        <item>﷼</item>
        <item>₩</item>
        <item>¢</item>
        <item>MT</item>
        <item>A$</item>
        <item>NTD</item>
        <item>CIV</item>
        <item>SYR</item>
        <item>FMG</item>
        <item>AGO</item>
        <item>CMR</item>
        <item>SLRs</item>
        <item>L</item>
        <item>BFA</item>
        <item>Te</item>
        <item>CFAF</item>
        <item>€</item>
        <item>MK</item>
        <item>$</item>
        <item>ECU</item>
        <item>Q</item>
        <item>CFAF</item>
        <item>CR</item>
        <item>ZK</item>
        <item>SEN</item>
        <item>ZD</item>
        <item>TCD</item>
        <item>Dinar</item>
        <item>₱</item>
        <item>€</item>
        <item>TUN</item>
        <item>K</item>
        <item>€</item>
        <item>RF</item>
        <item>CZK</item>
        <item>Sh</item>
        <item>€</item>
        <item>HTI</item>
        <item>BEN</item>
        <item>BDI</item>
        <item>BOL</item>
        <item>HUF</item>
        <item>SEK</item>
        <item>AZE</item>
        <item>BLR</item>
        <item>DOM</item>
        <item>HND</item>
        <item>€</item>
        <item>DH</item>
        <item>TJK</item>
        <item>NIS</item>
        <item>CHF</item>
        <item>K</item>
        <item>BGN</item>
        <item>HK$</item>
        <item>Din</item>
        <item>G</item>
        <item>KN</item>
        <item>JD</item>
        <item>SLV</item>
        <item>ERI</item>
        <item>LD</item>
        <item>TGO</item>
        <item>SLE</item>
        <item>NIC</item>
        <item>S</item>
        <item>DKK</item>
        <item>€</item>
        <item>SKK</item>
        <item>SGD</item>
        <item>TKM</item>
        <item>NOK</item>
        <item>£L</item>
        <item>CRI</item>
        <item>CAF</item>
        <item>€</item>
        <item>$</item>
        <item>GEO</item>
        <item>CFAF</item>
        <item>PSE</item>
        <item>$</item>
        <item>HRK</item>
        <item>RO</item>
        <item>KM</item>
    </string-array>

    <!--string-array name="countries_list_machine" translatable="false">
        <item></item>
        <item>CHN</item>
        <item>IND</item>
        <item>USA</item>
        <item>IDN</item>
        <item>BRA</item>
        <item>PAK</item>
        <item>NGA</item>
        <item>BGD</item>
        <item>RUS</item>
        <item>JPN</item>
        <item>MEX</item>
        <item>PHL</item>
        <item>VNM</item>
        <item>ETH</item>
        <item>EGY</item>
        <item>DEU</item>
        <item>IRN</item>
        <item>TUR</item>
        <item>COD</item>
        <item>THA</item>
        <item>FRA</item>
        <item>GBR</item>
        <item>ITA</item>
        <item>MMR</item>
        <item>ZAF</item>
        <item>KOR</item>
        <item>COL</item>
        <item>ESP</item>
        <item>UKR</item>
        <item>TZA</item>
        <item>KEN</item>
        <item>ARG</item>
        <item>DZA</item>
        <item>POL</item>
        <item>SDN</item>
        <item>UGA</item>
        <item>CAN</item>
        <item>IRQ</item>
        <item>MAR</item>
        <item>PER</item>
        <item>UZB</item>
        <item>MYS</item>
        <item>SAU</item>
        <item>VEN</item>
        <item>NPL</item>
        <item>AFG</item>
        <item>YEM</item>
        <item>PRK</item>
        <item>GHA</item>
        <item>MOZ</item>
        <item>AUS</item>
        <item>TWN</item>
        <item>CIV</item>
        <item>SYR</item>
        <item>MDG</item>
        <item>AGO</item>
        <item>CMR</item>
        <item>LKA</item>
        <item>ROU</item>
        <item>BFA</item>
        <item>KAZ</item>
        <item>NER</item>
        <item>NLD</item>
        <item>MWI</item>
        <item>CHL</item>
        <item>ECU</item>
        <item>GTM</item>
        <item>MLI</item>
        <item>KHM</item>
        <item>ZMB</item>
        <item>SEN</item>
        <item>ZWE</item>
        <item>TCD</item>
        <item>SSD</item>
        <item>CUB</item>
        <item>BEL</item>
        <item>TUN</item>
        <item>GIN</item>
        <item>GRC</item>
        <item>RWA</item>
        <item>CZE</item>
        <item>SOM</item>
        <item>PRT</item>
        <item>HTI</item>
        <item>BEN</item>
        <item>BDI</item>
        <item>BOL</item>
        <item>HUN</item>
        <item>SWE</item>
        <item>AZE</item>
        <item>BLR</item>
        <item>DOM</item>
        <item>HND</item>
        <item>AUT</item>
        <item>ARE</item>
        <item>TJK</item>
        <item>ISR</item>
        <item>CHE</item>
        <item>PNG</item>
        <item>BGR</item>
        <item>HKG</item>
        <item>SRB</item>
        <item>PRY</item>
        <item>LAO</item>
        <item>JOR</item>
        <item>SLV</item>
        <item>ERI</item>
        <item>LBY</item>
        <item>TGO</item>
        <item>SLE</item>
        <item>NIC</item>
        <item>KGZ</item>
        <item>DNK</item>
        <item>FIN</item>
        <item>SVK</item>
        <item>SGP</item>
        <item>TKM</item>
        <item>NOR</item>
        <item>LBN</item>
        <item>CRI</item>
        <item>CAF</item>
        <item>IRL</item>
        <item>NZL</item>
        <item>GEO</item>
        <item>COG</item>
        <item>PSE</item>
        <item>LBR</item>
        <item>HRV</item>
        <item>OMN</item>
        <item>BIH</item>
    </string-array-->

</resources>