<resources>
    <string name="app_name">My Application</string>
    <color name="yellow">#FFEB3B</color>
    <color name="head_yellow">#FDD835</color>
    <color name="white">#ffffff</color>
    <color name="green">#4caf50</color>
    <color name="brown">#6D4C41</color>
    <color name="greenup">#9CCC65</color>
    <color name="grey">#9e9e9e</color>
    <color name="brown_alive_screen">#9F9658</color>
    <color name="orange_pink">#F4A87F</color>
    <color name="pink_alive_screen">#FF7575</color>
    <color name="green_dark">#388e3c</color>
    <color name="green_button_addCicle">#61B54C</color>
    <color name="pink">#f06292</color>
    <color name="black">#000000</color>
    <string name="hello_world">Hello world!</string>
    <string name="action_settings">Settings</string>
    <string name="title_activity_egg_extra_screen">Egg Extra Screen</string>
    <string name="title_activity_show_equipement">Show Equipement</string>
    <string name="title_activity_show_animal">Show Animal</string>
    <string name="title_activity_equipment">Equipment</string>
    <string name="title_activity_add_equipment">Add Equipment</string>
    <string name="title_activity_camera_picture">Photoes</string>
    <string name="title_activity_show_worker">Show Worker</string>
    <string name="title_activity_add_worker">Add Worker</string>
    <string name="title_activity_worker">Worker</string>
    <string name="title_activity_add_food">Add Food</string>
    <string name="title_activity_show_food">Show Food</string>
    <string name="title_activity_food">Food</string>
    <string name="title_activity_food_consommation">Food_Consommation</string>
    <string name="title_activity_add_medical">Add Medical</string>
    <string name="title_activity_show_medical">Show Medical</string>
    <string name="title_activity_medical">Medical</string>
    <string name="title_activity_add_expense">Add Expense</string>
    <string name="title_activity_show_expense">Show Expense</string>
    <string name="title_activity_expense">Expense</string>
    <string name="title_activity_add_down_payment">Add DownPayment</string>
    <string name="title_activity_show_down_payment">Show DownPayment</string>
    <string name="title_activity_down_payment">DownPayment</string>
    <string name="title_activity_add_returned_expenses">Add Returned Expenses</string>
    <string name="title_activity_show_returned_expenses">Show Returned Expenses</string>
    <string name="title_activity_returned_expenses">Returned Expenses</string>
    <string name="title_activity_add_death">Add Death</string>
    <string name="title_activity_show_death">Show Death</string>
    <string name="title_activity_death">Death</string>
    <string name="title_activity_add_normal_egg">Add Normal Egg</string>
    <string name="title_activity_show_normal_egg">Show Normal Egg</string>
    <string name="title_activity_normal_egg">Normal Egg</string>
    <string name="title_activity_login">Login</string>
    <string name="title_activity_add_cicle">Add Cicle</string>
    <string name="title_activity_show_cicle">Show Cicle</string>
    <string name="title_activity_setting">Setting</string>
    <string name="title_activity_add_building">Add Building</string>
    <string name="title_activity_show_building">Show Building</string>
    <string name="title_activity_building">Building</string>
    <string name="title_activity_title_building">Title Building</string>
    <string name="title_activity_alive">Alive</string>
    <string name="title_activity_animals">Animals</string>
    <string name="title_activity_finianse">Finianse</string>
    <string name="title_activity_note">note</string>
    <string name="title_activity_temp">Temp</string>
    <string name="title_activity_todays_task">Todays Task</string>
    <string name="country_afg">Afghanistan</string>
    <string name="country_ago">Angola</string>
    <string name="country_are">United Arab Emirates</string>
    <string name="country_arg">Argentina</string>
    <string name="country_aus">Australia</string>
    <string name="country_aut">Austria</string>
    <string name="country_aze">Azerbaijan</string>
    <string name="country_bdi">Burundi</string>
    <string name="country_bel">Belgium</string>
    <string name="country_ben">Benin</string>
    <string name="country_bfa">Burkina Faso</string>
    <string name="country_bgd">Bangladesh</string>
    <string name="country_bgr">Bulgaria</string>
    <string name="country_bih">Bosnia and Herzegovina</string>
    <string name="country_blr">Belarus</string>
    <string name="country_bol">Bolivia</string>
    <string name="country_bra">Brazil</string>
    <string name="country_caf">Central African Republic</string>
    <string name="country_can">Canada</string>
    <string name="country_che">Switzerland</string>
    <string name="country_chl">Chile</string>
    <string name="country_chn">China</string>
    <string name="country_civ">Ivory Coast</string>
    <string name="country_cmr">Cameroon</string>
    <string name="country_cod">DR Congo</string>
    <string name="country_cog">Republic of the Congo</string>
    <string name="country_col">Colombia</string>
    <string name="country_cri">Costa Rica</string>
    <string name="country_cub">Cuba</string>
    <string name="country_cze">Czech Republic</string>
    <string name="country_deu">Germany</string>
    <string name="country_dnk">Denmark</string>
    <string name="country_dom">Dominican Republic</string>
    <string name="country_dza">Algeria</string>
    <string name="country_ecu">Ecuador</string>
    <string name="country_egy">Egypt</string>
    <string name="country_eri">Eritrea</string>
    <string name="country_esp">Spain</string>
    <string name="country_eth">Ethiopia</string>
    <string name="country_fin">Finland</string>
    <string name="country_fra">France</string>
    <string name="country_gbr">United Kingdom</string>
    <string name="country_geo">Georgia</string>
    <string name="country_gha">Ghana</string>
    <string name="country_gin">Guinea</string>
    <string name="country_grc">Greece</string>
    <string name="country_gtm">Guatemala</string>
    <string name="country_hkg">Hong Kong</string>
    <string name="country_hnd">Honduras</string>
    <string name="country_hrv">Croatia</string>
    <string name="country_hti">Haiti</string>
    <string name="country_hun">Hungary</string>
    <string name="country_idn">Indonesia</string>
    <string name="country_ind">India</string>
    <string name="country_irl">Ireland</string>
    <string name="country_irn">Iran</string>
    <string name="country_irq">Iraq</string>
    <string name="country_isr">Israel</string>
    <string name="country_ita">Italy</string>
    <string name="country_jor">Jordan</string>
    <string name="country_jpn">Japan</string>
    <string name="country_kaz">Kazakhstan</string>
    <string name="country_ken">Kenya</string>
    <string name="country_kgz">Kyrgyzstan</string>
    <string name="country_khm">Cambodia</string>
    <string name="country_kor">South Korea</string>
    <string name="country_lao">Laos</string>
    <string name="country_lbn">Lebanon</string>
    <string name="country_lbr">Liberia</string>
    <string name="country_lby">Libya</string>
    <string name="country_lka">Sri Lanka</string>
    <string name="country_mar">Morocco</string>
    <string name="country_mdg">Madagascar</string>
    <string name="country_mex">Mexico</string>
    <string name="country_mli">Mali</string>
    <string name="country_mmr">Myanmar</string>
    <string name="country_moz">Mozambique</string>
    <string name="country_mwi">Malawi</string>
    <string name="country_mys">Malaysia</string>
    <string name="country_ner">Niger</string>
    <string name="country_nga">Nigeria</string>
    <string name="country_nic">Nicaragua</string>
    <string name="country_nld">Netherlands</string>
    <string name="country_nor">Norway</string>
    <string name="country_npl">Nepal</string>
    <string name="country_nzl">New Zealand</string>
    <string name="country_omn">Oman</string>
    <string name="country_pak">Pakistan</string>
    <string name="country_per">Peru</string>
    <string name="country_phl">Philippines</string>
    <string name="country_png">Papua New Guinea</string>
    <string name="country_pol">Poland</string>
    <string name="country_prk">North Korea</string>
    <string name="country_prt">Portugal</string>
    <string name="country_pry">Paraguay</string>
    <string name="country_pse">Palestine</string>
    <string name="country_rou">Romania</string>
    <string name="country_rus">Russia</string>
    <string name="country_rwa">Rwanda</string>
    <string name="country_sau">Saudi Arabia</string>
    <string name="country_sdn">Sudan</string>
    <string name="country_sen">Senegal</string>
    <string name="country_sgp">Singapore</string>
    <string name="country_sle">Sierra Leone</string>
    <string name="country_slv">El Salvador</string>
    <string name="country_som">Somalia</string>
    <string name="country_srb">Serbia</string>
    <string name="country_ssd">South Sudan</string>
    <string name="country_svk">Slovakia</string>
    <string name="country_swe">Sweden</string>
    <string name="country_syr">Syria</string>
    <string name="country_tcd">Chad</string>
    <string name="country_tgo">Togo</string>
    <string name="country_tha">Thailand</string>
    <string name="country_tjk">Tajikistan</string>
    <string name="country_tkm">Turkmenistan</string>
    <string name="country_tun">Tunisia</string>
    <string name="country_tur">Turkey</string>
    <string name="country_twn">Taiwan</string>
    <string name="country_tza">Tanzania</string>
    <string name="country_uga">Uganda</string>
    <string name="country_ukr">Ukraine</string>
    <string name="country_usa">United States</string>
    <string name="country_uzb">Uzbekistan</string>
    <string name="country_ven">Venezuela</string>
    <string name="country_vnm">Vietnam</string>
    <string name="country_yem">Yemen</string>
    <string name="country_zaf">South Africa</string>
    <string name="country_zmb">Zambia</string>
    <string name="country_zwe">Zimbabwe</string>
    <string name="select_country">Select Country</string>
    <string name="select_currency">Select Currency</string>
    <string name="default_recommended">Standard (Recommended)</string>
    <string name="title_activity_add_broken_egg">Add Broken Egg</string>
    <string name="title_activity_show_broken_egg">Show Broken Egg</string>
    <string name="title_activity_broken_egg">Broken Egg</string>
    <string name="title_activity_consommation">Consommation</string>
    <string name="title_activity_add_consommation">AddConsommation</string>
    <string name="title_activity_show_consommation">ShowConsommation</string>
</resources>
